-21.569036	-13.657459
-9.054494	-15.904723
-13.016127	16.269043
-18.785265	-8.791489
-18.892376	0.4818515
-22.970016	-12.863743
-6.8011055	-10.900753
-4.141847	-8.764707
-8.881303	-11.225978
-0.20372073	19.4191
-3.0340624	10.027089
-13.13623	-12.203417
-12.11194	-14.209283
-17.870447	-11.986727
-17.38105	-6.2058296
-1.1896378	21.725567
-18.054914	-13.837451
-14.428796	-14.538645
-10.544934	-11.957921
-16.27393	-7.37462
-17.860447	-7.829089
-28.46313	-5.159418
-22.749573	-10.853465
-18.228373	-9.478529
-20.201612	-0.20702235
32.779167	6.7891226
31.220205	9.170063
5.7768736	-9.128026
21.210253	-4.244499
26.361504	-1.2104495
23.776112	-0.7269835
23.433508	-3.7860205
23.020967	-2.865013
31.335709	6.4003453
30.938263	5.730483
14.997803	-7.303292
32.551632	7.796547
26.312952	1.4648639
27.264109	-1.5142671
31.02625	2.825844
24.639559	-6.5660253
32.299828	4.0427217
22.423708	-3.4593558
33.68423	4.9405956
34.785206	7.318664
6.0511045	-11.532411
23.813826	-1.1714432
33.09529	5.929396
32.498566	4.78392
21.360508	-5.2557073
10.235071	-0.20878601
21.053398	12.555075
6.6066284	-8.613875
4.5409703	-9.767958
3.4171345	-8.599716
-4.788713	-11.429191
-3.3616786	-11.037121
-17.123796	-15.555182
-2.878285	12.237488
-24.4515	-9.265993
-15.159759	-10.135109
-8.089798	-13.03896
-4.2967596	-10.243711
-13.85197	-15.825454
-8.845999	-9.47299
-6.7468643	-6.0255156
-2.5845835	12.480487
-17.646557	-15.582339
-22.223276	-11.474238
-13.75303	-10.543559
-14.402123	-10.20081
8.240003	-9.179797
-15.51491	-15.502284
-9.846752	-14.6802635
-4.5281787	10.785505
18.20783	-1.2531989
26.5746	11.215906
40.212593	16.25065
28.50695	-0.3924756
30.035435	4.8386035
19.21095	-6.0182014
30.597816	0.7024948
24.11195	-1.9522531
38.166046	-2.0891259
36.20436	3.806093
24.678179	6.4954653
37.096233	2.421894
31.560753	-2.7090113
36.939415	5.881509
37.635445	5.8762226
27.24613	-3.277366
37.664276	-0.3228822
27.98117	11.635317
25.418364	-2.5780013
37.082645	4.623192
17.621298	-0.4806731
38.14479	-1.2438813
35.518997	6.1689463
29.428337	1.8466921
22.105682	-5.2690954
-10.240251	-5.2087927
2.3547392	12.60571
-27.089024	-5.4274874
-10.412071	-2.689668
-17.162004	-6.6240177
-28.34448	-5.2804317
-7.6169314	-3.8374467
-3.1896534	-1.2117075
-8.0341625	-0.9438857
-2.0437174	13.982483
-22.009026	-9.71277
-15.379376	-14.109818
-7.400468	-9.835809
-6.4483604	-2.1490402
-11.90494	-2.6547809
-6.219315	-0.4856494
-22.93712	-8.962418
-2.687798	-1.6978346
-8.782455	-2.4499707
-6.8219995	-0.3386107
-25.829561	-3.6679122
-8.239596	-2.4252632
-9.358656	-1.2573969
-19.35623	-7.221647
-25.624434	-2.1482215
41.558544	13.2836485
42.511715	14.898721
43.035824	12.576464
40.712673	16.835361
10.953816	-21.48117
42.53755	12.629367
42.319763	14.360364
41.10884	14.340721
39.45718	12.806144
10.935407	-21.468569
10.821166	-21.515772
41.40486	11.962869
42.836086	11.585432
40.901245	14.976083
42.589066	11.994415
40.26374	17.330294
42.26013	15.818825
40.175922	17.994257
41.89991	12.443517
41.051907	15.567257
41.74722	15.220074
41.628716	15.99294
42.170494	11.78734
42.357258	13.194596
41.753555	14.505216
4.9679956	-7.4855137
-5.449417	-12.703498
-15.345287	-14.727816
-11.635233	-9.685235
-18.382305	-0.12496354
-20.8455	-10.152102
-19.18218	-12.663677
-17.241375	-13.9642105
-9.511547	-10.2099695
-9.348696	-2.0455356
-15.463653	-11.127884
-4.063649	11.073428
-13.069072	-14.307259
-13.553475	17.057386
-15.632706	18.917152
-24.719393	-4.263989
-5.535827	18.457893
-3.5770404	-7.306468
-15.203018	18.56548
-7.2501755	22.70493
-21.10996	-0.5791293
-8.275384	-10.632925
-20.305971	-12.045783
-2.9943743	20.714775
-8.269268	22.416199
18.04939	-5.6044908
25.180725	5.0542417
28.320564	2.5364041
17.104475	-8.7562895
24.984247	1.2661843
20.494164	-2.141395
21.250013	-3.2727425
24.821379	8.328836
14.570564	10.184898
25.372648	-3.339856
19.986696	-9.272712
24.73598	-4.3236985
26.752121	-0.056814406
0.38371238	-22.07541
18.361158	-9.421176
24.416058	-0.14394768
25.562151	8.256096
25.413	-4.961923
11.814967	-16.06728
23.536924	9.464836
21.3019	-7.8126884
20.430866	-7.3133225
5.997696	-19.578325
22.75025	-1.9784156
7.041371	-19.876362
-3.0023396	15.926871
-4.415216	-7.8617597
-35.776993	0.26069838
-5.022437	-7.482049
-24.159216	-4.2454844
-25.08603	-1.7848916
-15.063296	-3.5418017
-7.48353	-7.7345643
-21.387182	-12.272792
-13.946091	-3.655931
-3.895429	15.819738
-4.998783	-3.1623993
-1.8045162	15.7091255
-21.665966	-12.676265
-14.03086	-12.44858
-22.08906	-3.3519962
-20.204771	-10.799304
0.36914888	17.885237
-36.27104	1.7882953
-22.96528	-12.225773
-12.071557	-1.5864806
-15.606826	-8.603115
-17.399137	-12.549503
-7.2934113	-8.49803
-9.105502	-4.87976
28.20862	11.319156
28.744133	12.316515
40.596676	-4.9664855
41.47021	-4.8889804
41.205868	-4.149024
40.76309	-3.383657
42.75153	-5.644864
41.438393	-2.7459683
41.644806	-3.891597
41.14356	-5.714828
42.88656	-4.4899693
39.867836	0.48805994
39.66188	1.9246397
43.74144	-1.70974
28.401062	12.334949
42.44519	-4.406186
43.30543	-5.1297727
44.2179	-5.3799767
43.701275	-4.5002537
39.851856	-3.4486246
43.969612	-2.5956144
41.500458	-2.006399
40.591293	-5.674183
40.886147	-0.70182955
40.066887	-0.5987525
-3.6509376	2.8962936
-6.227034	-8.176674
-1.3880695	16.859303
-10.4392395	-11.129522
-23.336794	-7.340748
-24.169817	-6.4335685
-10.587001	-9.27885
-20.61855	-9.031947
-25.029392	-0.029412273
-11.783107	-2.5692222
-20.363773	-0.9873145
-5.4861856	11.264052
-11.38391	-10.466731
-3.820037	17.648619
-13.685229	-2.5653877
-19.364763	-1.0129889
-25.043777	-4.429243
-29.441652	-4.4474654
-25.934671	-4.670067
-18.994265	-0.50914
-9.3741255	15.323505
-21.939165	-1.8595884
-21.655123	-1.731001
-20.928425	-1.2430422
-3.016541	17.191744
31.633104	5.393321
33.79986	7.65971
31.756363	6.2373557
31.227789	5.0607257
34.220657	6.986924
30.459152	10.968901
30.994383	7.861335
30.436354	9.630301
30.643942	10.40948
35.348965	7.300991
33.542667	6.1767097
41.24071	17.416504
32.77369	5.4477077
41.74337	16.886042
24.05548	-7.3756537
24.336332	7.429244
34.91697	5.8439183
40.831177	16.277725
27.850466	1.3131884
27.352598	2.0984795
22.924875	-0.14164257
10.522669	0.42573622
25.309498	11.195419
31.011044	2.2803226
24.457785	2.1552525
-18.142366	-16.461437
-9.203228	-13.691745
-4.756705	10.478573
-9.236822	-3.8655756
-15.534636	-2.4708512
-0.904627	19.858023
-13.129814	15.896658
-9.170941	-7.4482737
-11.465414	-4.1575437
-17.758337	-0.37038174
-28.896746	5.5260167
-3.1767678	4.9702206
-24.007177	-2.9904976
-10.584543	-3.8111234
-19.809095	-8.551023
-11.636154	2.5528586
-20.840706	-5.9254856
-20.120089	-7.552685
-17.923048	-9.778558
-19.267326	-1.7411827
-19.808132	2.8342009
-17.334503	0.13809563
-17.67642	0.10351412
-3.3295686	0.84399706
-8.624267	0.4301379
30.37475	-2.602359
29.59092	1.2885373
35.990986	3.197879
37.235218	3.7145696
22.79271	-1.3451806
38.14193	3.5034442
20.834564	-13.53877
42.044025	-5.9121003
42.564026	-3.5400546
34.265358	8.071279
42.467564	-1.6725278
43.15673	-3.3035612
43.505123	-3.783318
43.045612	-1.4944344
22.5523	-11.974784
42.118004	-3.2040281
25.218508	9.887541
41.981766	-5.0461264
37.174446	3.3462236
21.834864	-12.296155
40.048916	-2.603271
42.718323	-2.5210636
30.846272	-2.844022
39.233364	-1.3022544
26.376842	-2.97498
0.19611707	18.970055
-16.300274	-11.337886
-6.4738297	-11.338984
-5.96962	-8.954662
-3.1279802	5.327328
-4.860082	12.695398
2.0738652	12.365775
-22.447691	-13.737381
-8.554911	-13.248167
-2.2571561	0.85889703
-2.7992835	-3.0526364
-8.636632	-11.287867
20.886995	12.83197
-12.052358	-12.708857
-2.6531105	11.400183
-16.116135	-13.288501
-7.589701	-7.4105673
-3.0165474	-6.0880513
-2.6012514	-5.4009323
-5.615191	-3.141493
-21.480574	-8.340608
-1.8007324	16.396305
-13.783565	-13.538366
-5.3963375	-2.0245402
-2.3516848	18.535559
24.715078	-5.4358277
29.056376	2.3732193
23.74434	-5.14534
23.447002	8.233669
16.174946	-9.927189
27.347136	0.8357496
24.63538	7.702727
22.854633	-4.2481484
24.417442	11.551347
22.582182	-4.924443
24.524067	9.45254
20.935625	-7.090157
18.601189	-8.847328
26.201548	8.940371
20.198416	-4.340154
22.615604	-6.3867364
22.2118	-6.870085
20.741032	-8.134067
25.265173	8.994379
26.830124	1.0915838
28.40647	0.8888795
19.419111	-6.904616
24.301535	8.796925
24.825474	-4.9116497
21.562117	-2.3016331
-12.831288	1.6271185
-6.2174354	-2.4947674
-1.2702096	17.6992
-3.0918412	-3.722063
2.4199982	12.856985
-12.98956	-12.912233
-2.9144065	-8.001927
-21.652702	-9.343981
-22.264734	-9.383554
-18.861597	-6.4621053
-20.72025	-8.106911
-4.856756	-1.3587556
-7.321395	-12.5930395
-10.566107	-12.814322
-10.042129	-3.5561018
-17.473577	-9.035829
-5.0288844	-6.3289566
-4.3846207	11.911896
-3.8919637	-7.0188837
-2.9317973	1.089004
-15.687434	1.0113999
-22.384342	-8.0392
-14.689621	-11.2861
-1.5003449	18.164282
-7.800293	0.25678036
-25.706703	5.779964
-26.513472	9.351848
-28.001411	9.966553
-9.278637	22.81442
-22.948458	13.521294
-24.568434	8.534804
-5.0169497	16.0738
-23.85394	11.502379
-6.573729	17.436253
-24.463333	11.514028
-8.564682	2.5340126
-26.12879	7.310188
-25.441565	6.327586
-14.691622	16.138914
0.3736008	20.117321
-32.253838	8.656006
-14.655348	4.317409
-7.7326097	3.7203817
-2.8004656	19.247551
-32.287525	8.853808
-24.463991	5.892775
-24.940306	6.13744
-18.86435	16.316505
-9.057687	3.535021
-5.6643076	19.120655
18.059057	-7.966115
-35.933563	-2.2389061
-21.883402	-5.8049126
9.176747	-13.05393
15.295364	-8.353918
15.544691	-8.632389
9.316796	-14.065707
-16.369358	-17.087719
-5.7805505	-14.862343
5.4910326	-20.998398
17.893242	11.475594
4.786331	-13.259721
15.237019	-10.086322
-15.947764	-17.466919
10.6832	-12.242478
-0.085971415	-19.44076
0.55547947	-22.32339
2.3210492	-15.748412
-7.982314	21.87327
-35.70842	-1.3761624
8.166965	-11.633372
19.937143	11.508226
2.5670779	-18.664661
5.091705	-12.749422
-4.4881344	21.97227
-8.179255	3.3080716
-18.62209	-5.545163
-15.275523	14.583339
-26.726297	14.287763
-25.247435	11.411305
-26.325565	11.850077
-26.569786	10.912676
14.685387	9.539865
-26.780869	13.40456
-26.714098	11.465902
-33.995827	11.696192
-27.434708	10.224041
-9.420447	2.779434
6.978368	-22.438107
7.45195	-21.930637
-27.685854	14.879113
-7.451479	2.6126432
-3.5724535	3.268671
-26.705187	12.495456
-4.911861	16.934317
-14.751295	3.1991262
-1.6115676	20.834435
-9.427145	17.988935
-34.33133	12.36776
-21.11932	12.26615
10.540399	-4.4806376
0.98536974	1.4303235
14.066164	1.5513644
4.828693	-17.353933
1.4505521	3.7484148
1.7034873	3.5086606
3.3142679	3.1069832
13.823151	-3.9841833
9.466552	-4.0366535
8.096427	-3.9511933
8.385741	-3.4727728
14.724182	0.7149336
14.873307	-2.099037
11.872258	-3.6403866
13.044937	-5.9163623
11.372455	-3.2579675
10.452882	-4.58164
14.678123	0.65002114
8.322522	-5.4800124
2.288325	2.248714
13.529526	-2.1123123
-12.334418	-19.68213
13.538223	2.5430431
1.4725865	1.744463
8.220852	-4.5248613
-13.799594	2.0741599
-28.94946	10.511303
-30.610601	12.692723
-33.356365	14.119953
-34.053078	14.591713
-33.775173	13.03782
-31.1038	12.58705
-27.929756	12.616542
-27.832043	11.08652
-15.473834	15.872569
-24.619696	7.3860655
-23.410843	9.605575
-24.333899	12.27227
-15.599728	5.569883
-24.49884	10.341511
-30.046505	17.094048
-27.45591	9.381266
-23.33497	5.55616
-18.895163	15.9671955
-23.47307	8.725419
-21.084518	5.325961
-2.565011	21.355158
-30.672304	9.692866
-30.691355	10.444726
-32.94292	11.136707
16.345507	-8.63845
8.727711	-17.374254
-34.182034	-2.0042067
-35.97224	-3.2037272
12.837407	-12.773206
8.962613	-17.045536
14.293926	-9.865754
8.716028	-18.385406
10.106072	-15.444337
16.564798	11.211888
-35.50675	-0.092080295
2.6879532	-18.398233
14.91674	-3.014152
6.599983	-21.553417
2.466019	-20.104414
10.496159	-12.413238
4.26098	-19.247286
7.460554	-18.118435
16.519255	-7.273299
11.79553	-16.814117
18.696175	-11.177122
13.866632	7.6830235
8.341856	-19.395508
15.1535	9.744588
1.3834263	2.5482018
-26.908882	7.271265
-26.194246	9.739308
-33.639652	15.055727
-35.230526	14.7224
-27.160114	15.671356
-34.954494	12.418791
-27.100578	8.359512
-13.692362	18.549095
-33.028732	16.801228
-31.253195	8.663699
29.22104	6.7410765
-35.265892	11.890173
-26.57547	8.181005
-19.9722	13.00276
-29.09903	12.899336
-3.9991124	20.757097
-31.228096	8.47827
-1.0420218	20.655901
-33.751034	11.56784
-27.232618	14.544196
-13.968995	4.1723957
-35.30388	13.121716
-36.550793	13.525769
-35.931484	11.847863
-35.874405	12.655827
11.436656	-9.839381
9.8231325	-0.3971497
6.709049	-16.132614
8.313389	-15.26304
-4.261512	-16.861124
-36.415947	2.3614032
-3.7915356	-15.951699
6.877111	-14.997577
7.750814	-7.5791197
2.444258	-20.965483
-35.77367	-1.8179644
0.6920167	-20.5724
-1.2701297	-14.129425
7.51275	-11.470002
-12.175834	0.22906703
-0.066677764	-21.215088
9.228645	-15.706227
5.783232	-15.926332
1.3181443	-21.542322
8.8358965	-8.020906
2.040195	-21.136654
7.8876247	-8.353969
0.62127984	-19.434914
18.877623	10.817074
13.826858	7.5894413
-2.115809	21.661184
-17.411549	14.534033
-16.48026	13.574396
-32.806847	15.58087
-14.930983	17.787222
-33.128265	16.613064
-30.635153	15.113954
-17.7163	13.5223465
-8.678215	17.481247
-16.851044	15.1953125
-30.7755	16.109327
-19.679977	13.784923
-22.74851	14.22096
-22.90119	15.079949
-23.858643	14.72258
-22.673569	14.112642
-17.268454	13.360057
-3.7705731	21.332996
-31.41076	15.402563
-19.663597	13.88663
-20.519514	15.653638
-21.168306	14.195746
-8.034674	18.156446
-32.630444	15.260224
-30.465403	15.700992
14.5955515	-9.356454
20.577682	-16.634258
-36.390846	2.234072
22.07514	-16.840881
19.76366	-18.985247
-33.674862	-1.0568014
19.10301	-17.206741
12.271908	-7.284538
14.194654	-13.919984
18.532188	-17.58883
19.348299	-17.911228
20.625227	-17.571678
15.073504	-2.705187
16.515104	10.398024
20.359953	-16.67273
19.975533	-15.008288
8.139643	-18.088152
12.979953	-12.277456
19.837791	-18.576454
20.30115	-15.69399
22.439106	11.280822
23.127867	10.7343
14.050073	-12.810972
19.564238	-17.184301
19.796509	-17.673439
-5.397668	16.592026
-3.6129856	20.478241
-8.7939	17.160471
-35.85897	9.700774
-34.26526	9.711031
-35.371887	9.508074
-34.350025	9.199769
-29.050707	7.7919784
-34.75985	8.653061
-6.4443274	19.019299
-14.436571	15.992464
-25.06772	8.776402
-28.451668	8.170622
-7.6988406	4.795276
-17.184063	5.417846
-29.963266	9.458773
-16.39065	5.4261065
-11.013129	4.6141453
-10.565373	17.792395
-31.0568	10.70896
-4.916484	3.73774
-36.21187	10.350217
-30.332567	10.910227
-3.425365	21.687712
-35.03663	10.26812
16.872398	10.205891
5.8092766	-14.57803
20.85131	9.172696
15.384302	-5.094535
-12.314838	-17.013937
6.8309836	-1.7604173
6.4535313	-1.2968653
1.0730621	-17.591518
20.226221	8.988627
6.882292	0.75980645
0.791565	-17.201117
7.5909643	-16.644472
7.257445	-3.3298447
5.5666566	-21.651281
6.679877	-3.3377597
17.851288	10.340678
26.13812	2.6851134
6.828054	-2.6090214
9.367682	-10.876876
18.492224	9.220508
17.812132	9.928971
15.33405	-4.2750998
6.1767163	-15.689718
7.887014	-5.890141
6.939043	-0.08842561
-17.865711	3.7073267
-7.007703	3.15054
-6.2624316	3.8704762
-9.984947	1.7345951
-22.33677	5.0185237
-21.647549	4.9409966
-18.500177	3.8367476
-9.421262	4.8663116
-2.0335867	19.741915
-21.476046	4.2920666
-13.14664	4.943645
-13.777354	3.4485548
-22.840528	4.636699
-6.937528	4.2413096
-1.6587026	19.316683
-16.261597	3.2101436
-11.709899	3.7363956
-8.679579	4.1070957
-10.188459	3.3423944
-12.910731	3.806635
-4.196407	3.5555716
-20.194164	3.891118
-17.872553	5.129721
-15.232007	3.159025
-21.130058	4.152145
1.5487204	-22.454678
-4.7629156	-16.662348
6.7610865	-18.717348
-0.23535672	-17.512325
-7.1563478	-14.221016
6.557768	-14.677275
8.607604	-8.566511
-3.3145707	-15.281157
7.834713	-14.399369
-11.281542	-5.4416146
9.583104	-8.502148
-35.003574	-1.8528802
8.828752	-14.622206
-3.8739426	12.895407
11.84084	-7.9360127
20.827314	10.429142
6.7918344	-17.814325
5.955752	-17.51084
-35.0102	-1.3527565
-1.0953863	-13.923875
13.484297	-4.5713944
1.060121	-20.265806
10.118155	-7.252755
19.002838	-3.8788543
9.615716	-0.46724355
