-19.6126	-4.1857834
-17.63458	-7.213126
-34.318287	2.1316383
-22.525051	-3.3220837
-18.063063	-1.0732516
-35.535236	2.1877475
-13.503957	-7.529703
-0.79687834	-7.6261873
13.099615	12.219181
15.567191	14.54472
-17.595198	-0.43619454
-19.71731	-5.206082
17.930792	16.789867
-11.310063	-3.9906607
-22.67328	-0.9490914
-36.325573	2.9656587
-22.070187	-4.2558618
-7.1624355	0.5132807
-24.943493	-5.261358
-30.887451	-1.4842683
-9.009981	-3.1677186
-37.152317	3.0926309
-23.405598	-3.7412968
-29.277468	-1.2139628
-14.762996	1.1476631
29.80673	12.637098
33.284786	6.8545475
11.445163	-9.039986
23.335167	-2.7240012
30.345976	-3.6564639
24.567194	-2.5046315
22.854256	-4.3033013
14.631092	-10.213809
30.00359	-4.5930967
29.481457	9.579339
-3.3536546	-18.118822
32.644325	7.008891
26.376446	-2.8407037
29.411734	-5.510154
32.63712	8.84107
28.080978	-0.79742366
33.013073	8.436616
28.897943	-0.7068741
31.735798	10.257297
33.090134	9.293196
-8.615967	-21.865572
27.293497	-5.4214563
31.395891	9.062194
32.175606	8.271656
24.366484	-4.125331
17.455292	-11.511801
10.717258	-9.602609
2.9655304	-10.665222
-7.9405355	-12.948074
2.3076406	-10.329831
21.800432	14.948404
-7.6601872	-12.192101
-26.468004	-7.0769515
-9.622009	-9.466194
-18.281685	-8.562788
-31.417469	-3.9803329
-17.454786	-9.372528
-19.185146	-7.927578
-24.38144	-8.25291
7.1811004	10.461141
-10.6271305	-9.955662
-30.423155	-4.6475782
-24.815413	-7.8678336
-29.343412	-4.3792114
-17.981928	-8.628823
-0.21829066	-8.927223
-4.4540505	-17.696035
-25.566748	-7.4466214
-8.711241	-13.09256
-19.666885	-8.104347
23.393663	13.97315
25.166021	-9.411802
37.56766	14.325192
29.826912	-1.6830469
30.17092	8.762381
23.264257	-3.689416
27.723227	13.847198
24.997221	-4.430936
32.264507	-2.6397762
32.111607	0.5011929
26.563936	-6.5540056
32.837418	-2.1023626
15.761109	-14.125472
34.90603	7.1955705
31.48205	8.103337
21.294308	-9.261153
31.329031	-2.8621018
25.55809	-12.50924
27.211508	-2.5807452
28.39693	15.581878
14.530727	-6.03014
32.39328	-4.5866933
33.867195	7.2556643
30.538982	0.6936913
23.780481	-5.4268813
-21.125319	-7.3810415
-10.290184	-8.223211
-36.27145	1.8564358
-1.2025336	0.28151822
-29.844864	-1.210912
-36.6149	2.3435285
-7.5719056	-4.6698155
-2.2260346	-3.7722545
-6.0667005	-4.17696
-20.746632	-8.253385
-11.050117	-5.1114273
-21.062675	-4.9548044
-24.044386	-2.5041132
12.157875	13.126363
-11.20137	-1.5240821
-0.29968527	-3.183667
-19.19964	-5.302109
-2.0154583	-4.583684
0.6796887	-2.716068
7.771219	11.086797
-35.553154	4.574594
-16.346516	-0.8035154
-17.432878	-1.3208477
-32.368183	0.0079606315
-3.37261	9.288475
40.05368	11.932545
42.566036	12.009417
44.218304	10.846814
42.685963	12.613381
26.360409	6.5181646
43.656796	10.555809
42.015327	12.468716
41.254555	11.78577
44.68804	9.858246
2.8258939	-21.97717
2.7861736	-21.976912
43.698795	9.840262
41.48788	10.909532
37.037308	14.556248
44.33873	10.294068
36.712185	14.686084
41.386253	12.703358
39.555332	13.461927
43.523167	11.410008
41.284958	13.339592
40.78624	12.329158
40.561176	12.945518
42.97736	10.49223
42.658474	11.077691
41.97848	11.699355
19.106222	13.681841
1.8909546	-11.142211
-9.770853	-7.834137
5.312018	0.40504918
-26.616669	0.6346118
-11.481953	-3.119916
1.8187228	10.684589
-10.8037615	-7.5159698
-8.231918	-6.199234
-21.689259	-0.8275577
-26.221008	-4.534171
-13.980385	-1.6520238
-13.161634	-8.147334
1.3176817	14.311364
-2.8071015	14.106752
-31.759779	2.0032313
5.791051	13.3393135
13.626922	11.615658
-3.1127467	14.874491
6.985729	19.366703
2.656443	10.015728
-13.463985	-3.2285273
-20.274105	-4.434549
-20.11953	13.712228
6.946317	19.389769
3.1606474	-13.919485
26.849794	-4.3453126
29.762846	1.0528839
17.194557	-1.4518992
22.258919	-7.684411
14.078078	-10.107034
22.88063	-5.1509495
24.577847	-3.5079775
-11.238937	-16.810196
24.48612	-6.4889574
24.548603	12.925022
23.598185	-7.4753547
27.739792	12.126468
-14.363819	-22.68357
14.035452	-11.6892185
28.803308	-2.5000074
25.650553	-2.9589727
27.563217	16.039919
1.9980432	-18.272049
20.094408	-7.100114
22.14243	-6.865352
26.222124	11.717912
-4.1184688	-19.656427
27.245647	8.3338785
15.6289015	3.211406
-24.601429	0.42276886
8.097455	-0.7727882
-44.81926	8.838657
-9.633428	-5.896711
-25.24903	0.8652349
-15.429763	-0.21999598
-16.200367	0.49260107
-12.224327	-4.928484
-25.113121	-2.9043477
-10.905143	-2.6125531
-15.31764	0.6356796
2.288704	-3.4106748
-9.000461	-5.794842
-28.066444	-1.6431016
-26.099602	-1.8009228
-33.80684	7.2031126
16.748873	18.057808
1.7544247	-4.126705
-44.873837	9.584546
-27.253414	-1.8095512
-25.53578	1.6896689
-21.070387	-3.9922047
11.814692	12.41638
16.188055	12.371258
-22.423073	-1.710787
24.1277	-14.237727
25.560745	-14.406153
33.486248	-0.23857409
22.581095	-16.930723
34.03113	1.9450552
22.000072	-17.282545
22.816801	-17.603115
32.823048	-6.4210024
34.466854	0.38173652
23.198166	-16.319418
24.100813	-16.902681
24.19827	-15.276255
26.611502	-14.918459
23.563866	-18.668211
0.0065901093	-25.117285
34.650093	-0.21756195
23.700157	-17.39516
23.58573	-18.212164
22.700191	-18.277252
33.861183	1.4567404
24.306488	-18.269749
25.783665	-13.8807335
23.77904	-15.489975
32.837864	-5.365904
28.772854	11.779605
17.780336	14.192463
1.1442429	-4.215289
-9.660524	-4.7329125
-14.000596	-6.3571787
-31.540863	1.643428
6.4843235	11.370415
7.13146	11.49256
-34.53878	0.8031531
-34.418472	7.608216
-11.908813	-1.5222342
-28.02561	1.2698885
-35.006477	5.144287
-26.88267	-3.7304115
-22.882742	-2.2850823
5.865209	11.707611
-29.432981	0.9453906
14.0014515	14.435555
8.6600065	14.853599
-28.48443	-0.26651642
5.368142	11.228262
-30.179508	2.7577188
-32.25771	2.53808
-26.02123	2.3879251
16.952637	15.632118
-16.85077	3.791008
28.709835	15.226013
31.60103	12.5327
28.541954	10.2086115
29.28239	13.750086
32.989162	7.4253235
31.429113	6.2346773
28.404045	16.57315
30.687407	0.025156064
28.981768	16.646416
33.92913	8.96234
30.548344	9.789588
38.891167	13.637414
27.680994	15.528747
39.489132	14.076525
19.179384	-10.704736
14.324804	-11.016852
33.995747	8.077211
39.30954	12.812219
27.600513	-1.960239
28.541628	13.421586
16.064869	-6.4282775
17.046068	-16.655043
27.16235	11.275618
30.863052	-1.3362819
21.877989	-8.3857975
-14.067054	-10.161797
-0.9752184	-5.7225404
-8.084466	-7.6730237
-8.332161	-4.0399213
-28.625664	0.9870554
16.66144	16.255577
-40.181152	10.643108
9.156144	-1.0149167
7.1332297	12.2167845
-22.585197	0.22431067
-35.71057	8.415614
5.4194365	10.21144
-28.375225	6.49466
-18.079847	-3.410863
-31.324999	-0.069886036
-7.8970857	3.3283448
-21.450155	-8.187594
-30.001432	-2.3808541
-34.81761	3.0341642
-30.637222	0.20715074
-27.497946	5.96329
-4.2843256	-2.633589
16.735498	13.431037
-5.976787	-3.171975
-9.955562	-0.5020949
19.538393	-8.008023
26.888496	-1.7933141
32.22412	-3.2895758
32.9699	-1.2770832
25.484581	-1.8752741
33.507328	-4.187356
-0.8159422	-23.771313
21.574928	-18.63306
24.64991	-16.146893
31.343582	7.40135
22.814957	-19.204805
25.79681	-15.776251
25.193712	-15.170106
34.974236	0.31430796
27.110508	13.300293
21.977858	-18.973877
22.051043	-4.1188846
21.541601	-18.094254
32.190327	-5.9743934
22.794756	-9.447108
34.363186	-0.8883568
33.688866	-5.9457307
15.879392	-14.370085
28.937683	12.076785
25.621235	-3.9134793
-6.987599	-3.263645
-29.342207	-3.2525337
-8.981254	-8.756946
-18.257465	-5.0884614
13.444256	10.587085
-12.28393	-3.7254393
-8.338485	-9.610646
-25.323938	-4.419061
5.452886	-2.0748158
1.435159	-2.1107726
18.818722	12.736027
-14.3305	-7.0054283
7.3566723	-5.020487
-11.803689	-8.687843
-11.859357	0.25913605
-33.10532	1.2363508
-12.585507	-5.876597
-0.1064845	-8.218925
-8.154653	-8.414667
12.504285	11.630014
-35.53074	2.9791229
-26.065086	-3.443054
-30.615986	-3.1559265
-3.9600787	-3.6603916
-31.843168	-1.0939579
27.836926	-0.0040232446
29.541672	0.3047987
28.852545	0.9805053
21.038465	7.9634356
21.869347	7.561186
24.659338	-5.1344595
25.964134	-4.573342
23.718521	-4.5717335
25.907007	8.624585
28.421612	0.13380527
20.161377	-6.5451245
16.61973	-2.3646512
22.873396	7.059823
29.601995	-0.4209492
15.201105	-9.521259
21.531345	-7.6882277
26.783907	-0.4784649
21.023659	-8.301303
25.216366	-6.277429
26.70645	8.136821
28.51162	9.511539
15.264401	-8.7277355
26.653059	13.933254
25.792097	-5.745225
25.933609	14.802308
-16.62809	2.6694975
-15.797957	-1.7242151
-24.046644	-1.1376119
5.051718	-3.0075188
-10.697454	-8.931041
-10.804038	-4.3700137
-1.6124105	-7.1983824
-34.898148	1.4706062
-28.676487	-3.782583
-23.681347	-0.27321047
-19.28794	-2.3444948
-5.2379856	-3.3167167
-24.780352	-6.3821917
-20.81191	-6.3184404
-4.6674576	-3.9283013
-13.718614	-5.5776734
7.3018856	-0.30837575
-14.949889	-6.347486
-9.708685	-7.0788603
6.8040867	0.38716647
-10.369068	3.38613
-5.0352507	9.976367
-12.2245865	-6.6901665
9.256523	13.228203
-4.7155943	-2.3272922
-32.40342	6.5265026
-37.95484	11.059973
-23.701279	7.467597
6.1850557	20.01933
-26.803055	14.225754
-27.07661	7.504155
-25.94424	4.61634
-0.47141558	11.368436
-23.705929	10.00519
-23.085583	10.836923
-3.4110708	-0.3123142
-30.873255	6.046238
-20.48772	13.09295
-27.208954	9.815514
4.0925574	9.728283
-38.241367	10.070983
-23.45531	6.291961
16.330381	15.070403
-13.014095	0.3115457
-34.28404	8.527323
-2.4495583	10.112093
8.200003	12.943553
11.575328	15.149223
-2.4191194	-0.15832536
-24.724516	5.118119
15.897749	-9.523093
-42.64286	7.365383
-28.789394	-5.529007
4.4035444	-13.3554
15.293841	-7.4973345
13.484277	-9.530669
22.785131	14.567358
2.9195008	10.987762
-2.4317684	-6.921674
-10.259412	-18.407745
-10.919247	-21.570868
15.346572	2.4738097
16.156416	-0.49455333
-13.587554	-11.97712
1.6106029	-17.915493
-2.5764246	-12.565905
-13.068363	-22.731924
-13.020975	-12.068085
-32.92663	17.293488
-44.20701	8.632816
2.037531	-13.439607
12.170489	-8.513824
-11.46701	-16.829824
17.469671	10.814269
-32.63035	9.051723
17.874266	15.435415
-25.557007	3.4368646
-19.828716	0.43875042
-24.606739	4.0018086
-3.677496	10.291327
-4.905062	8.681506
-33.345314	9.980025
10.876396	-12.512708
11.318727	15.53196
4.2367907	12.171404
-36.28287	10.46804
-28.343798	8.533135
-1.0109676	-0.7105591
3.7187212	-16.662876
19.439606	6.649125
-3.4979084	13.781293
-10.278071	0.79501873
-5.055282	0.5318731
-37.8089	9.341023
-4.276005	1.7673914
-15.533866	2.0901651
11.110417	13.849475
-32.986156	11.668334
-4.2604337	14.495017
13.183606	15.853764
-6.188958	-15.700831
-20.519316	-2.5867062
4.64565	-7.607504
18.482454	10.959892
-8.142815	-1.2295903
-7.988823	-1.3524133
-5.090659	-6.1989074
22.851252	-1.639206
1.2170734	-12.582496
15.074599	1.617957
-4.942929	-7.9517155
7.3864675	-8.255722
17.913975	1.3822641
15.206646	-13.282623
0.5673893	-16.71351
14.061979	-6.8326426
13.856767	-7.0831556
5.4087424	-8.001675
3.1762617	-11.768182
3.6150296	-6.4240394
-6.7361894	-21.685823
-43.15185	6.8525276
-4.666678	-6.9240894
-9.018065	5.975306
2.6278112	-6.9140377
-27.990152	7.041742
-25.387398	7.537601
-37.288334	13.209456
-28.607132	14.244028
-35.961147	15.432026
-34.66407	15.735214
15.929405	17.47316
-34.73554	12.152181
-32.787598	10.637743
0.9600577	12.740373
-37.350346	9.179442
-24.269749	13.370876
-34.56261	13.399846
-9.496794	4.601928
1.0967894	11.929259
2.886439	15.281349
-22.485868	12.592578
-29.664644	6.942707
-33.56869	11.211724
4.387429	15.1447315
17.342604	17.380598
-28.184633	14.127759
-35.004864	11.280178
0.8992314	13.81811
-37.68513	12.104838
4.7059784	-15.304613
-1.8061078	-18.62537
-43.350136	6.5096383
-1.1058475	-11.215371
13.307803	-10.768807
-5.439362	-19.387972
-1.2269099	-17.694962
-9.361293	-22.790209
15.931105	-7.8008976
-12.062157	-22.050005
-40.44702	9.640582
-14.183433	-23.931602
24.094593	14.795849
-10.687588	-23.903963
-14.21673	-24.76861
1.70013	-14.913023
-9.201258	-20.511734
19.835	7.999574
15.794503	-1.8978486
-0.53132325	-20.057547
0.34660065	-21.758621
-6.8790507	-19.833412
-5.295505	-20.972542
15.815188	0.61605376
17.781752	12.924886
6.3358617	13.005801
-36.632576	9.864339
-35.776535	16.161337
-34.258385	14.918878
-34.011566	12.78043
-32.097397	11.962623
0.37617567	13.731892
-28.021992	16.987503
-35.173462	15.198104
0.07677497	13.138103
27.425865	10.411577
-31.187454	11.372478
-29.197956	7.6630797
-29.059183	13.451577
-35.753567	12.870728
-1.3579236	13.499365
-30.618753	7.662049
-7.509232	4.291699
-38.918777	12.235022
5.469477	14.888051
-15.032545	3.0175881
-4.445112	14.835342
-39.3458	13.175699
-27.547485	16.523916
9.419264	15.860306
-2.4601922	-18.032219
16.908752	-11.388523
-1.8020844	-12.689783
-1.4938735	-16.664907
8.759038	-1.9482598
-44.742496	10.086322
-13.4087925	-12.204147
3.8075278	-13.544726
14.281626	1.4497619
-7.998554	-19.706408
-44.13052	8.0256815
-5.0617895	-18.149107
-13.620843	-22.602352
16.250845	3.324213
-14.858656	-0.71937037
-14.533173	-23.312466
2.545164	-17.484818
-8.727114	-18.769995
-7.783293	-18.262524
2.42926	-8.391864
-7.133622	-19.018599
18.887602	11.66223
-11.59241	-15.681953
22.091143	14.165668
15.110389	0.9651178
-23.785477	14.533813
-19.699587	13.274816
-23.01243	13.585496
-28.279987	16.040785
-34.898663	16.451021
-34.164482	16.46802
-25.928274	14.239026
-22.39727	14.308387
2.3498163	14.273286
-24.901531	14.320192
-24.442408	14.964022
-4.7303705	8.196237
-0.9426297	12.195547
-25.556648	14.616446
-27.497541	13.421806
-21.902632	12.131633
15.62663	15.976864
14.755753	16.608297
-21.062592	13.796391
-25.545181	13.735606
-21.841143	15.597467
-4.0772133	8.5173855
-27.189585	15.339134
-23.095524	14.95981
9.283717	15.089771
20.677681	10.546406
0.6675962	-23.80164
-44.860947	10.261614
-3.0491219	-23.899197
-15.573062	-25.204119
-45.00263	7.1083255
-2.1070437	-23.628828
20.15973	8.341788
15.40245	-2.7418716
16.43582	1.6582507
-7.05868	-24.471523
-3.2874966	-24.547739
-0.9508106	-22.870073
15.44117	4.266688
-3.6252644	-24.4126
0.5301432	-22.97488
-6.783979	-20.60514
14.430478	-0.79829186
6.935818	-8.077683
-0.037834167	-23.734459
0.112734176	-16.891441
-1.208512	-23.368755
0.96729624	-18.62522
-2.4174154	-24.048895
-7.440334	-24.46507
-21.296064	11.670328
-25.378315	8.789452
-3.643922	13.09782
3.4275413	14.303025
-39.713562	12.282148
-36.8908	11.722263
-21.845068	14.634905
-35.59431	11.154879
1.554174	12.955219
-32.068893	10.899554
-26.551884	6.127073
-34.18926	10.271766
-35.48273	9.956923
8.878567	11.314621
9.252186	12.471625
-36.30265	11.8137865
-4.066176	9.645238
-5.8787937	7.3571033
-35.17168	10.432669
-38.1899	12.546519
-4.191853	6.1542807
14.380961	16.892694
13.503443	16.49644
-40.001915	11.530006
8.140117	16.025171
-6.0260367	-15.003306
11.82337	-7.6397967
9.785341	-9.655795
12.340946	-6.993798
-8.975208	-14.043676
10.327889	-6.0367155
11.014542	-5.1870074
-11.900263	-13.307852
-6.424924	-13.738962
6.8555164	-3.975928
-13.029651	-15.822894
-10.424057	-22.312637
3.717903	-10.457085
-11.183636	-24.221664
1.3420743	-5.9513516
-4.0552306	-14.860006
26.254313	7.695534
0.3347042	-5.6582146
2.5031292	-12.326155
19.676846	-4.473682
-5.2915783	-15.284792
11.676994	-6.4573045
-1.007216	-14.571773
1.1881601	-9.778943
3.559716	-9.318116
-21.99296	6.165697
-0.7253679	-0.18421903
2.395409	0.16220061
8.264476	12.181785
2.2617698	12.193525
-29.306356	6.442657
-29.849335	5.9749146
-6.7765718	2.4796333
-25.47686	6.236871
-27.327864	4.800362
17.369652	16.319386
-13.396555	3.4646835
-28.71906	5.439495
3.151538	0.5897291
-14.063568	2.7024145
-27.911232	4.677248
-4.6460257	4.2834616
-3.6880984	0.81014836
16.901146	14.825079
-13.309917	3.9505663
2.9248686	0.16595936
-19.384272	0.6705027
4.825361	11.449414
2.0691183	0.89144844
-5.806887	8.448583
-12.086601	-23.12966
7.654432	-2.8800204
-0.94379115	-18.42702
-11.086133	-15.590894
-9.11157	-14.572651
-0.671577	-15.3366
-0.99971956	-13.0861435
-14.417387	-11.951931
0.77337396	-14.347861
6.1473336	10.207316
20.214182	12.986851
-43.350212	7.316736
12.408565	-10.477656
5.5919137	-0.6608349
15.208648	-2.1488872
12.570568	-8.2193365
-6.341285	-19.287
-3.0253875	-12.683214
-43.766186	7.0469036
-14.728148	-22.792332
13.79401	-8.002552
-2.830477	-11.427124
0.04106021	-13.257328
21.001541	-5.0689144
10.450275	-10.421773
